fips,name,type,category,year,actualization,bf_per_capita,velocity,newness,index
01,Alabama,Total,Total,2005,0.20477175123270241,0.14085940209702602,1.171630654438054,,1.0373111388270528
01,Alabama,Total,Total,2006,0.17033484375919497,0.12505992139522715,1.1942595472611026,0.08760089441535776,0.9817974506668525
01,Alabama,Total,Total,2007,0.1504453489057984,0.10916273615189051,1.245212786820945,0.07528070199086118,0.9399511051466812
01,Alabama,Total,Total,2008,0.12471277031068022,0.08397259466839727,1.299593434343434,0.06514271693792427,0.887913157706013
01,Alabama,Total,Total,2009,0.12151684442187236,0.07543183622821484,1.386807917479788,0.05353505555789681,0.8629668864135205
01,Alabama,Total,Total,2010,0.12204151791617084,0.07715073879355219,1.4821743839696724,0.05197106794997407,0.8413865560021663
01,Alabama,Total,Total,2011,0.121996996996997,0.07449361532413891,1.5391829882484611,0.05315473576343142,0.827652020929007
01,Alabama,Total,Total,2012,0.11582316463292658,0.07214072300205084,1.5459348890809566,0.052869268450550906,0.8169376977304927
01,Alabama,Total,Total,2013,0.11502657323719576,0.07035078707789787,1.665317202714665,0.0507920543122957,0.7866835418960828
01,Alabama,Total,Total,2014,0.11954478657598852,0.07224587389935022,1.7063800515907137,0.04970535106162457,0.7827746948606206
01,Alabama,Total,Total,2015,0.11203997611489991,0.07346960141144068,1.7619831460674158,0.053855732455750246,0.758183770629176
01,Alabama,Total,Total,2016,0.101628476725753,0.07249885628222329,1.7645410628019325,0.052199697605801273,0.7429142427115174
01,Alabama,Total,Total,2017,0.10170775934396059,0.07709530810017713,,0.05188278388278388,
01,Alabama,Total,Total,2018,0.09580510992275698,0.08247264909473428,,0.055942722164351005,
01,Alabama,Total,Total,2019,0.09502842627313415,0.08011119303065252,,,
01,Alabama,Total,Total,2020,0.07904064272211721,,,,
02,Alaska,Total,Total,2005,,,,,
02,Alaska,Total,Total,2006,,,,,
02,Alaska,Total,Total,2007,,,,,
02,Alaska,Total,Total,2008,,,,,
02,Alaska,Total,Total,2009,,,,,
02,Alaska,Total,Total,2010,,,,,
02,Alaska,Total,Total,2011,,,,,
02,Alaska,Total,Total,2012,,,,,
02,Alaska,Total,Total,2013,,,,,
02,Alaska,Total,Total,2014,,,,,
02,Alaska,Total,Total,2015,,,,,
02,Alaska,Total,Total,2016,,,,,
02,Alaska,Total,Total,2017,0.13540676354746706,0.13478437204272,,,
02,Alaska,Total,Total,2018,0.12068402134843699,0.15071979584813214,,0.07451734701146968,
02,Alaska,Total,Total,2019,0.12765174739423665,0.1423015672309974,,,
02,Alaska,Total,Total,2020,0.12385032128008064,,,,
04,Arizona,Total,Total,2005,0.21727963658600508,0.21297886635165114,1.568052720405047,,0.949061197581752
04,Arizona,Total,Total,2006,0.1771639857156401,0.18596347307186878,1.6395426584648303,0.13406363559536888,0.8779751834079209
04,Arizona,Total,Total,2007,0.1451541072223843,0.1532504680446346,1.6363126718849166,0.10975283488711901,0.8361424669451094
04,Arizona,Total,Total,2008,0.11220320442699955,0.1110604770871488,1.6938067937508956,0.09155968257925132,0.7755781371243023
04,Arizona,Total,Total,2009,0.10811363520169055,0.1000133372136322,1.865794701986755,0.07267989313712608,0.7259885936813381
04,Arizona,Total,Total,2010,0.10935254260488673,0.09974759535095984,1.8057809076682316,0.07204630498434267,0.743256755322507
04,Arizona,Total,Total,2011,0.10660307766207476,0.09600405892925039,1.8499694140373466,0.07290727017367574,0.7280667250691123
04,Arizona,Total,Total,2012,0.10772047604516326,0.09154874356557718,1.8446457742957159,0.06974730558024016,0.7309735973969541
04,Arizona,Total,Total,2013,0.10979642174122863,0.09261598935225195,1.9554355968083377,0.06806525226507602,0.7043034642221683
04,Arizona,Total,Total,2014,0.11070302422244517,0.09180714467299406,2.037711370262391,0.06858733565870674,0.6827169430959625
04,Arizona,Total,Total,2015,0.11070692372984116,0.09357691345826655,2.1348794614902946,0.06930682156359187,0.6548146535244173
04,Arizona,Total,Total,2016,0.10600313150715888,0.0946107460058043,2.1329126065773445,0.06886599721120275,0.6496799581275686
04,Arizona,Total,Total,2017,0.10529409171723703,0.10173185493258952,,0.071655729161127,
04,Arizona,Total,Total,2018,0.10175162902854357,0.10493119330139156,,0.0762447372279592,
04,Arizona,Total,Total,2019,0.1022281500078456,0.10740903925788019,,,
04,Arizona,Total,Total,2020,0.09410641047249846,,,,
05,Arkansas,Total,Total,2005,0.2223779854620976,0.1540039775671255,1.141520317608594,,1.0696872051028574
05,Arkansas,Total,Total,2006,0.190261805725471,0.13778629728031536,1.3228869430852432,0.09027502244868127,0.9788241709889779
05,Arkansas,Total,Total,2007,0.17764450939878043,0.12374282554894424,1.2534725774367719,0.07684940348539424,0.9781969404762186
05,Arkansas,Total,Total,2008,0.1537129248755142,0.09879793526230504,1.2797076435364565,0.07052079162012351,0.9367193694300323
05,Arkansas,Total,Total,2009,0.14412870411322423,0.08999452162233162,1.4119239631336407,0.05969925134607547,0.890850247556287
05,Arkansas,Total,Total,2010,0.1446579298089738,0.08915236464241175,1.480860215053763,0.05554230710863486,0.8747542494343848
05,Arkansas,Total,Total,2011,0.14291225749559083,0.08817727406741396,1.498056305437717,0.05798306456906549,0.8680005510524875
05,Arkansas,Total,Total,2012,0.14273854328093868,0.08735964533135693,1.4346679611650488,0.05586469789247689,0.8833013958618402
05,Arkansas,Total,Total,2013,0.1446943515948105,0.08630127728593634,1.4840823529411762,0.05680444766739183,0.8740099503942839
05,Arkansas,Total,Total,2014,0.14159728308501315,0.087113532691333,1.7157923285548238,0.05610379311863959,0.8105451879045705
05,Arkansas,Total,Total,2015,0.13819956390821306,0.08938741081406344,1.6940774145058248,0.057458587908330944,0.8116518211827373
05,Arkansas,Total,Total,2016,0.12608990505715947,0.08705924376521364,1.7512783981517137,0.05999693446320261,0.7802805369105178
05,Arkansas,Total,Total,2017,0.12088904174369115,0.09369132838777282,,0.05599615477048786,
05,Arkansas,Total,Total,2018,0.11568322981366459,0.09901210506048212,,0.06267868444599638,
05,Arkansas,Total,Total,2019,0.11337403978727595,0.09536735984179225,,,
05,Arkansas,Total,Total,2020,0.099857875548415,,,,
06,California,Total,Total,2005,0.26150238508555673,0.20013708294668214,1.396107726835524,,1.0530867289157122
06,California,Total,Total,2006,0.21736208559520037,0.17329793714268615,1.4835160980297932,0.11342412980493104,0.9727106354159472
06,California,Total,Total,2007,0.19150484679820198,0.15243179568859422,1.4823937825709321,0.0948832007481218,0.9391245823731675
06,California,Total,Total,2008,0.172913069694802,0.12612986269905668,1.5515715492408655,0.08462712975830165,0.8959248170269061
06,California,Total,Total,2009,0.16720641008299053,0.11370834016368882,1.698191486830522,0.07332152437195934,0.8490426082324033
06,California,Total,Total,2010,0.1639858207022386,0.1136697911992502,1.7277414488107303,0.06892158810673087,0.8367813718383413
06,California,Total,Total,2011,0.16369758255300887,0.11857846443877522,1.7333587256066139,0.07198547385059675,0.834865920081904
06,California,Total,Total,2012,0.16627526567265585,0.11866251370267308,1.7411473153841033,0.071715951036246,0.8360263304033225
06,California,Total,Total,2013,0.17058840296731254,0.12513333821387418,1.8762603525607595,0.0741523423127143,0.8029943890439116
06,California,Total,Total,2014,0.16493542711751197,0.12411595396654432,1.9423206055929763,0.07927929080373018,0.7767447010340124
06,California,Total,Total,2015,0.16511441476084024,0.13019153454393714,1.9913346087093722,0.07728228906241395,0.7622705996681388
06,California,Total,Total,2016,0.15827923877953817,0.1275585333482676,1.994879180668907,0.0776155777885545,0.7531621710590263
06,California,Total,Total,2017,0.15575600824963368,0.1299033344693015,,0.07606785452770319,
06,California,Total,Total,2018,0.15362906301417628,0.14291366074776313,,0.07915220617228581,
06,California,Total,Total,2019,0.1457185058076708,0.13582885478248086,,,
06,California,Total,Total,2020,0.13171158068120034,,,,
08,Colorado,Total,Total,2005,0.22158291323013343,0.26855139847941056,1.4605989708956424,,0.9844508182440083
08,Colorado,Total,Total,2006,0.1883699402507784,0.2370973957206801,1.5359089689707592,0.11065063482109587,0.9206788466572506
08,Colorado,Total,Total,2007,0.16386903502059555,0.20951866287749787,1.520754173290938,0.09574164301904303,0.8916608372928322
08,Colorado,Total,Total,2008,0.13899776981820638,0.1682505987038139,1.5506956416170938,0.08793873187141567,0.8493340555225479
08,Colorado,Total,Total,2009,0.13493870255139037,0.16093495930871576,1.7252588249968817,0.0729686738568762,0.7990834943320249
08,Colorado,Total,Total,2010,0.12302563438632833,0.1506137182112828,1.7885982658959536,0.07466754073796592,0.7663790495180653
08,Colorado,Total,Total,2011,0.12285275048459328,0.1435626821383185,1.8064114767473483,0.07065043857177739,0.7614650442765057
08,Colorado,Total,Total,2012,0.12345053147996729,0.14537864792272612,1.7270129870129869,0.0677869897365752,0.7829352133914079
08,Colorado,Total,Total,2013,0.12283883070189151,0.14913546787979204,1.9428265579202246,0.07032963000339447,0.7246044345670083
08,Colorado,Total,Total,2014,0.12323279240572474,0.15868859298170257,1.9799103562160887,0.07164334971821602,0.7147573380630804
08,Colorado,Total,Total,2015,0.12116640832595217,0.160623840614183,2.1137069655724585,0.07738825668959064,0.6736279664990398
08,Colorado,Total,Total,2016,0.11397989057718548,0.15532886880180674,2.1285995343422583,0.07409835499926679,0.660606599832777
08,Colorado,Total,Total,2017,0.11294205236381685,0.16219149180712006,,0.07424187251771999,
08,Colorado,Total,Total,2018,0.10966511089156133,0.16968042553468135,,0.07721680101824353,
08,Colorado,Total,Total,2019,0.10419820423633822,0.15657949939014396,,,
08,Colorado,Total,Total,2020,0.09589261055268312,,,,
09,Connecticut,Total,Total,2005,0.15763340093712847,0.12854452693446966,1.458597736853783,,0.8987653301796733
09,Connecticut,Total,Total,2006,0.13353057840491594,0.11676038959931313,1.5989454456892354,0.06373509246989688,0.8295168470402925
09,Connecticut,Total,Total,2007,0.1213019722814499,0.10322430661673192,1.5517884615384616,0.05727134256908682,0.8235836767719862
09,Connecticut,Total,Total,2008,0.10715308606616068,0.08441498553550775,1.6091443850267377,0.05170465385913674,0.7889694193279777
09,Connecticut,Total,Total,2009,0.10804289544235925,0.07920137166331584,1.6895953141640045,0.04369679405904727,0.7706762823259475
09,Connecticut,Total,Total,2010,0.11067388096409247,0.08172413619683531,1.7687478617858365,0.04410160271678166,0.7545604224447996
09,Connecticut,Total,Total,2011,0.11295554283533676,0.08249070655798331,1.748225152129817,0.044801918524978196,0.7629572015508279
09,Connecticut,Total,Total,2012,0.10876635375859266,0.08187401639205162,1.7141522256201158,0.04701557361791897,0.7656219131235549
09,Connecticut,Total,Total,2013,0.10881301802144323,0.07961409141600422,1.87937675070028,0.04487718315120949,0.7233611766929401
09,Connecticut,Total,Total,2014,0.10620343621712026,0.07772934608309752,2.042604017216643,0.04452316671608483,0.6756603608706354
09,Connecticut,Total,Total,2015,0.1086593873218077,0.07989692014935651,1.959102026554857,0.04345579253969745,0.7018246241576209
09,Connecticut,Total,Total,2016,0.09493943086517095,0.07403285672643979,2.0641029523088568,0.04379946412253938,0.6553226184101839
09,Connecticut,Total,Total,2017,0.09456280441337266,0.07987021509826919,,0.04267947993216507,
09,Connecticut,Total,Total,2018,0.08944711820636225,0.0853418152495296,,0.046032448844049466,
09,Connecticut,Total,Total,2019,0.09122828443196043,0.08380811979512448,,,
09,Connecticut,Total,Total,2020,0.08188172043010752,,,,
10,Delaware,Total,Total,2005,0.1418445922296115,0.19180027214104003,1.646808641975309,,0.8288941965438043
10,Delaware,Total,Total,2006,0.120698510529019,0.16409315836269942,1.7240980113636362,0.08794681778552746,0.7798747580950609
10,Delaware,Total,Total,2007,,,,0.07422930568576629,
10,Delaware,Total,Total,2008,,,,,
10,Delaware,Total,Total,2009,,,,,
10,Delaware,Total,Total,2010,,,,,
10,Delaware,Total,Total,2011,,,,,
10,Delaware,Total,Total,2012,,,,,
10,Delaware,Total,Total,2013,0.07503168567807351,0.12819735463026324,2.0798140321217247,,0.6250752486336095
10,Delaware,Total,Total,2014,0.07783893741773364,0.1395193713156323,2.229861218195837,0.06954029711077318,0.5871350935401077
10,Delaware,Total,Total,2015,0.08017960230917255,0.1460820269173399,2.153868613138686,0.07794610847692841,0.6115716264506309
10,Delaware,Total,Total,2016,0.07332253820463516,0.15269975055879256,2.203148788927335,0.07668002031258817,0.5890989994716161
10,Delaware,Total,Total,2017,0.06773733972283383,0.16398017188131975,,0.08450783311808636,
10,Delaware,Total,Total,2018,0.064579776133561,0.17628555359567633,,0.08766880673013062,
10,Delaware,Total,Total,2019,0.0667205978658654,0.17786650564202416,,,
10,Delaware,Total,Total,2020,0.06531261153109892,,,,
11,District of Columbia,Total,Total,2005,,,,,
11,District of Columbia,Total,Total,2006,,,,,
11,District of Columbia,Total,Total,2007,,,,,
11,District of Columbia,Total,Total,2008,,,,,
11,District of Columbia,Total,Total,2009,,,,,
11,District of Columbia,Total,Total,2010,,,,,
11,District of Columbia,Total,Total,2011,,,,,
11,District of Columbia,Total,Total,2012,,,,,
11,District of Columbia,Total,Total,2013,,,,,
11,District of Columbia,Total,Total,2014,,,,,
11,District of Columbia,Total,Total,2015,,,,,
11,District of Columbia,Total,Total,2016,,,,,
11,District of Columbia,Total,Total,2017,0.0755949603359776,0.11656252788146886,,,
11,District of Columbia,Total,Total,2018,0.06988255033557048,0.11873758992626295,,0.04783895796329189,
11,District of Columbia,Total,Total,2019,0.06828193832599119,0.11859740502643291,,,
11,District of Columbia,Total,Total,2020,0.05698554714384033,,,,
12,Florida,Total,Total,2005,0.16498196600512638,0.26226824536524357,1.811919524501839,,0.8145808794970142
12,Florida,Total,Total,2006,0.13545783755819968,0.216194317275454,1.8707064580253836,0.12303622435730979,0.7607113972464711
12,Florida,Total,Total,2007,0.11748282628282058,0.1796073812046075,1.8282250477953448,0.09939277553078499,0.7484957486781011
12,Florida,Total,Total,2008,0.10717929526698312,0.1468535224092225,1.9492883688412996,0.08769284916541727,0.702544425334585
12,Florida,Total,Total,2009,0.11011141066034365,0.1453949370394889,2.059152316901929,0.07735428597820063,0.6759191703897239
12,Florida,Total,Total,2010,0.1083554189471043,0.14665541236633373,2.0722032791642486,0.07937385917362685,0.6700228176727714
12,Florida,Total,Total,2011,0.10420926904488087,0.14790662604994628,2.059880676758682,0.08050340631338083,0.668299331811829
12,Florida,Total,Total,2012,0.101791875020667,0.14356542411884615,2.0457886715773435,0.0783823616437893,0.6691625418331848
12,Florida,Total,Total,2013,0.10315666406858924,0.1489694290091883,2.1662599103757323,0.07772032205976441,0.6364903710776745
12,Florida,Total,Total,2014,0.10152963542228455,0.15177433779683885,2.1976863907295794,0.0797778304418058,0.6252639211720875
12,Florida,Total,Total,2015,0.09666792256602035,0.15361935513816044,2.2137988574379497,0.0824513663270283,0.6146773684973197
12,Florida,Total,Total,2016,0.09018613261037503,0.1500814248852826,2.2476911354646263,0.07979336038956818,0.5968802801017735
12,Florida,Total,Total,2017,0.09032764469147925,0.15535012977009258,,0.08047917609951882,
12,Florida,Total,Total,2018,0.08782883804005044,0.16295181436051814,,0.08336414838516551,
12,Florida,Total,Total,2019,0.08382867689174568,0.15332155338339415,,,
12,Florida,Total,Total,2020,0.076379395363195,,,,
13,Georgia,Total,Total,2005,0.17526615018730032,0.19237228378200033,1.521762995697174,,0.9069326116010039
13,Georgia,Total,Total,2006,0.14575115877487957,0.1751564825537612,1.5746597706879362,0.10931710236461105,0.8527873422746712
13,Georgia,Total,Total,2007,0.12062344118129331,0.1494868228707887,1.5659269060220282,0.09658917338420583,0.8191618299548554
13,Georgia,Total,Total,2008,0.09943117793943983,0.11604610407557495,1.6481445542758686,0.08323070801993142,0.7682096433976062
13,Georgia,Total,Total,2009,0.09287294855246174,0.1046997322272906,1.8053968411641996,0.0704753879273455,0.7202877763354762
13,Georgia,Total,Total,2010,0.0929405510439772,0.10440819857656823,1.7996803472770322,0.06766047331386979,0.7218067820824328
13,Georgia,Total,Total,2011,0.0896806227721261,0.101893091621864,1.8300721298337006,0.06893675881288013,0.709598796056918
13,Georgia,Total,Total,2012,0.08942878138834622,0.10078342219255199,1.8375894916273938,0.06644103062975423,0.7073628489751915
13,Georgia,Total,Total,2013,0.0931314835587611,0.10073723895532896,1.9356295483999604,0.0666210541849452,0.6874295095329749
13,Georgia,Total,Total,2014,0.09218366937418752,0.10495389121071258,2.044602407354753,0.06789996209677955,0.6571083203594227
13,Georgia,Total,Total,2015,0.087513357860132,0.10539918319562896,2.0840027985074627,0.07060705808296067,0.6402856037043249
13,Georgia,Total,Total,2016,0.08056270756371506,0.10478659741076637,2.0667053364269137,0.06885395628851126,0.6359052966743456
13,Georgia,Total,Total,2017,0.0816451431007688,0.11405017900489225,,0.06961543825837782,
13,Georgia,Total,Total,2018,0.07915174164871526,0.12129998189538309,,0.0759949407668996,
13,Georgia,Total,Total,2019,0.07549161172097446,0.12260978958830217,,,
13,Georgia,Total,Total,2020,0.0628378626178164,,,,
15,Hawaii,Total,Total,2005,,,,,
15,Hawaii,Total,Total,2006,,,,,
15,Hawaii,Total,Total,2007,,,,,
15,Hawaii,Total,Total,2008,,,,,
15,Hawaii,Total,Total,2009,,,,,
15,Hawaii,Total,Total,2010,,,,,
15,Hawaii,Total,Total,2011,0.0964740906130803,0.07518148317044011,2.038399228543877,0.04483636044573133,0.6643679843708838
15,Hawaii,Total,Total,2012,,,,0.04472082561524213,
15,Hawaii,Total,Total,2013,,,,,
15,Hawaii,Total,Total,2014,,,,,
15,Hawaii,Total,Total,2015,,,,,
15,Hawaii,Total,Total,2016,,,,,
15,Hawaii,Total,Total,2017,0.08925905555119039,0.0797532703404187,,0.047120191262768965,
15,Hawaii,Total,Total,2018,0.08069332640872501,0.08749867132950817,,0.05060772524763182,
15,Hawaii,Total,Total,2019,0.08078436787958296,0.08263458843737287,,,
15,Hawaii,Total,Total,2020,0.07424787863203909,,,,
16,Idaho,Total,Total,2005,0.294075096994805,0.31311242290341756,1.209347387306571,,1.1466886925609332
16,Idaho,Total,Total,2006,0.24183006535947713,0.28216024168822246,1.2138860728940384,0.13581780538302277,1.0775612298941586
16,Idaho,Total,Total,2007,0.19202187741513585,0.21460296789924957,1.2378405931417977,0.10884935568479873,1.002684978851845
16,Idaho,Total,Total,2008,0.15984645966138872,0.15198915480473435,1.4086712387483926,0.08759696679159766,0.9143614322330957
16,Idaho,Total,Total,2009,0.1486664089679165,0.12371022600436556,1.5256600831600833,0.0678596685422624,0.8692705391181075
16,Idaho,Total,Total,2010,0.14779508641401223,0.12140728036232466,1.59523834468308,0.059075046373439806,0.8503618733239056
16,Idaho,Total,Total,2011,0.14716924463132602,0.12374440466945723,1.6752757916241063,0.06292352371732816,0.8287126761735778
16,Idaho,Total,Total,2012,0.14193837870176487,0.1189726977090547,1.5479978925184403,0.06146024391028735,0.8541721969057765
16,Idaho,Total,Total,2013,0.1577570093457944,0.13095780427828596,1.6284855655466166,0.0629611883085769,0.8552796529760351
16,Idaho,Total,Total,2014,0.1561221507890123,0.13101491497824796,1.690037365716955,0.06629160806375996,0.8367421433890485
16,Idaho,Total,Total,2015,0.15782769024472007,0.14257515933712847,1.7825994919559696,0.06763774930088197,0.8137394122030182
16,Idaho,Total,Total,2016,0.14823084850566814,0.15388913325170295,1.8998153846153845,0.0723482341616028,0.7687252595183169
16,Idaho,Total,Total,2017,0.1497350069735007,0.15625409337404633,,0.07591189009947892,
16,Idaho,Total,Total,2018,0.142668834307307,0.18548604541694658,,0.08049562181651691,
16,Idaho,Total,Total,2019,0.14452961672473869,0.17408432261837148,,,
16,Idaho,Total,Total,2020,0.14020346988827323,,,,
17,Illinois,Total,Total,2005,0.19463765097875885,0.14824063277885643,1.661886166684498,,0.8941511132396721
17,Illinois,Total,Total,2006,0.17551078464242534,0.13662655395404366,1.6932916521940489,0.081169584498934,0.8610929353133662
17,Illinois,Total,Total,2007,0.15954946521401397,0.12619068285692367,1.6526736999812721,0.07284204460625744,0.8512690122952267
17,Illinois,Total,Total,2008,0.13508480403392162,0.11096695561745402,1.6832367081447959,0.07029672413032935,0.8102128236969174
17,Illinois,Total,Total,2009,0.13762396694214876,0.10410433001182018,1.8815531866976956,0.06090960388218034,0.7604858586300239
17,Illinois,Total,Total,2010,0.13588285613646656,0.10515164398154807,1.857693504184875,0.061739066802045314,0.7648375250372182
17,Illinois,Total,Total,2011,0.13407759919387827,0.10444179555644809,1.869878657038636,0.06102567862314192,0.7591621695700914
17,Illinois,Total,Total,2012,0.1390767573613945,0.10423434563606006,1.8313290572792364,0.06089807906306438,0.7761901359337364
17,Illinois,Total,Total,2013,0.13835239702481406,0.10299237797466004,1.976974358974359,0.06197715334097018,0.734410125480911
17,Illinois,Total,Total,2014,0.13591594860787315,0.10271261740760773,2.0455812367384056,0.05983428540141989,0.7114441270260311
17,Illinois,Total,Total,2015,0.13336416277947563,0.10316579636241414,2.0326702914967525,0.061822912417163006,0.7121569877964681
17,Illinois,Total,Total,2016,0.12708847706021756,0.09997248943042669,2.0546950742767787,0.05857851626281391,0.6981112755852944
17,Illinois,Total,Total,2017,0.1259973436021901,0.10318630159197699,,0.05770728566862206,
17,Illinois,Total,Total,2018,0.11836001027133441,0.10868445204777998,,0.06050688377376863,
17,Illinois,Total,Total,2019,0.11195038022006032,0.10397874149263946,,,
17,Illinois,Total,Total,2020,0.0909808107292851,,,,
18,Indiana,Total,Total,2005,0.20898534769730806,0.12698658430456647,1.3177765222849969,,1.005949856194262
18,Indiana,Total,Total,2006,0.18813163374130312,0.1169964828415949,1.4113102145459453,0.0749919718921778,0.9532083347026972
18,Indiana,Total,Total,2007,0.16602803391757928,0.10527307437348335,1.3574211309523807,0.06793398590816664,0.9358966435127685
18,Indiana,Total,Total,2008,0.12459131247080803,0.08303752673621585,1.4952737157855267,0.062465222480188806,0.8420412224117402
18,Indiana,Total,Total,2009,0.09974890652843026,0.07626183850479733,1.6271286323917902,0.0497571377798839,0.7737019255881215
18,Indiana,Total,Total,2010,0.10917453401113532,0.07643559011172138,1.652322437449556,0.04962686941936262,0.7814623863851249
18,Indiana,Total,Total,2011,0.11188671719186279,0.07747990954692438,1.689091990483743,0.05086518542589057,0.7763002321909419
18,Indiana,Total,Total,2012,0.11467249301738895,0.07787138693819526,1.6380039370078743,0.050671185202471665,0.7929193532749189
18,Indiana,Total,Total,2013,0.11497519275115883,0.07514409595913234,1.837015409570154,0.051807388805520674,0.74280513866768
18,Indiana,Total,Total,2014,0.1133658072947606,0.07235756131207569,1.8552643726395297,0.04983467170524327,0.7358364387077844
18,Indiana,Total,Total,2015,0.11479260255854788,0.07617552268907767,1.8982087475149108,0.050374146526220964,0.7263139631286359
18,Indiana,Total,Total,2016,0.11080817484594582,0.07535078284021957,1.9626136591227719,0.05113121711430229,0.703663715468796
18,Indiana,Total,Total,2017,0.10902574938371347,0.07904683603886888,,0.05085760074653359,
18,Indiana,Total,Total,2018,0.1037614977147993,0.08103954045532394,,0.05422697501415056,
18,Indiana,Total,Total,2019,0.10139257171466187,0.08122136252549123,,,
18,Indiana,Total,Total,2020,0.08904876099120704,,,,
19,Iowa,Total,Total,2005,0.2513588463671658,0.15287806793426378,1.114764005293339,,1.1164602886523785
19,Iowa,Total,Total,2006,0.19861444177990942,0.12495624687357929,1.2619340128755367,0.07645716442751498,1.0059470168370421
19,Iowa,Total,Total,2007,,,,0.06101578586135896,
19,Iowa,Total,Total,2008,0.16433566433566432,0.09659452905029081,1.2497495711835334,,0.9596383640662259
19,Iowa,Total,Total,2009,,,,,
19,Iowa,Total,Total,2010,0.15012227656736327,0.088535751103419,1.464295774647887,0.04786394509567469,0.8866745966839974
19,Iowa,Total,Total,2011,0.14236957581667478,0.08570489339720108,1.4826846915460776,0.04727688705381879,0.871017494408258
19,Iowa,Total,Total,2012,0.14210411911748724,0.08500775309717541,1.4866411629686305,0.04713654818719282,0.8696610246591767
19,Iowa,Total,Total,2013,0.14193763178337587,0.08270295768149791,1.6477079265911752,0.04593588752449614,0.8287893920367381
19,Iowa,Total,Total,2014,0.13941548183254343,0.07946998568832714,1.656864406779661,0.04722807396604188,0.8229647276410275
19,Iowa,Total,Total,2015,0.14166048139115683,0.0856146826617451,1.773091859596714,0.04451575890135896,0.7953590305738147
19,Iowa,Total,Total,2016,0.13240939229273643,0.08481907765001337,1.8630090157776107,0.047621598457253056,0.7588887333756242
19,Iowa,Total,Total,2017,0.12383259911894273,0.08947812385605831,,0.04712069983362851,
19,Iowa,Total,Total,2018,0.12331233123312331,0.09572453692381863,,0.05240244509204634,
19,Iowa,Total,Total,2019,0.12265439970850793,0.08535468309736392,,,
19,Iowa,Total,Total,2020,0.11389310402967459,,,,
20,Kansas,Total,Total,2005,0.24446780551905387,0.16941688318831574,1.1437752470992693,,1.0995347996048181
20,Kansas,Total,Total,2006,0.19833070385261337,0.14104586759495621,1.225998974095922,0.08268254939360133,1.0145916749520667
20,Kansas,Total,Total,2007,0.18416225564697866,0.12623101281169344,1.3049900426742531,0.06622718781434114,0.9747653046625234
20,Kansas,Total,Total,2008,0.16451612903225807,0.10715521944562754,1.272625456962446,0.062475028150085356,0.9544031964896664
20,Kansas,Total,Total,2009,,,,0.054254690500812525,
20,Kansas,Total,Total,2010,0.14560555088309504,0.09691448084277113,1.4937820281486829,,0.8729085439165265
20,Kansas,Total,Total,2011,0.14326981552807622,0.09852834824734902,1.5679752212389382,0.052049273819481406,0.8510155625689574
20,Kansas,Total,Total,2012,0.13690960912052116,0.09323259591779866,1.575314477112021,0.054017542858230114,0.8402172218673996
20,Kansas,Total,Total,2013,0.1425707971424166,0.09587959679415128,1.5916546503244413,0.0510988063533424,0.8440346433289007
20,Kansas,Total,Total,2014,0.14471657015353556,0.09391565174669667,1.7032745961820852,0.053551307270678555,0.8180356316293228
20,Kansas,Total,Total,2015,0.1407697965187546,0.09869333598257278,1.69026791927627,0.052435601214458935,0.8161346002571634
20,Kansas,Total,Total,2016,0.127620741295395,0.09368416857791073,1.7397758177140754,0.05416809214277569,0.7853571561930263
20,Kansas,Total,Total,2017,0.12617419060647514,0.09512781919732335,,0.05258120705166242,
20,Kansas,Total,Total,2018,0.12106230847803881,0.10177377643911314,,0.054224172778194836,
20,Kansas,Total,Total,2019,0.12461017553238884,0.09600750210928173,,,
20,Kansas,Total,Total,2020,0.11478447033636625,,,,
21,Kentucky,Total,Total,2005,0.20505607001914586,0.12546793467060602,1.244870476190476,,1.0192764685426812
21,Kentucky,Total,Total,2006,0.17935767436480704,0.11025684963568073,1.3038134135855546,0.07945242859741677,0.9682371344711094
21,Kentucky,Total,Total,2007,0.16400095488183336,0.09683621383089888,1.3383939835031538,0.06646122083402911,0.9376613950190567
21,Kentucky,Total,Total,2008,0.13917609046849758,0.08032862473012053,1.3262013929193268,0.06189161254493004,0.903932733377068
21,Kentucky,Total,Total,2009,0.1414735239384199,0.0774830359637106,1.4444095665171899,0.05148090351665327,0.8790893183451888
21,Kentucky,Total,Total,2010,0.136796050254887,0.07837760203634576,1.5249647887323943,0.055405340543653904,0.8525834763963901
21,Kentucky,Total,Total,2011,0.13479511143062545,0.07723428488260732,1.5190103703703706,0.05505479540885805,0.8511724533282232
21,Kentucky,Total,Total,2012,0.13868265374995037,0.07963348080611972,1.5282159221076745,0.053677222483728027,0.8544798233672881
21,Kentucky,Total,Total,2013,0.1413427561837456,0.08082350983356487,1.5935788585886985,0.05801257128045619,0.8418335914085284
21,Kentucky,Total,Total,2014,0.1267345792893238,0.07158473423827613,1.713925292814182,0.056632562920608406,0.7908258325903015
21,Kentucky,Total,Total,2015,0.1296777751516584,0.0743790748074549,1.7614494074749316,0.049876273419674134,0.7824851422667366
21,Kentucky,Total,Total,2016,0.11854593425922533,0.07289020594468636,1.8176554283946802,0.05379452098789222,0.7527066318179632
21,Kentucky,Total,Total,2017,0.11009682782903531,0.0758489830351632,,0.05258135472601411,
21,Kentucky,Total,Total,2018,0.10299022935915222,0.07820848108101201,,0.056108597285067875,
21,Kentucky,Total,Total,2019,0.10483724313511547,0.07742285525373052,,,
21,Kentucky,Total,Total,2020,0.09276180834909556,,,,
22,Louisiana,Total,Total,2005,0.16168306491507722,0.12854442178826855,1.438048614652388,,0.9096398587306479
22,Louisiana,Total,Total,2006,0.1419717218671315,0.13628762638969105,1.5547220327421554,0.08284516505177823,0.852531303454332
22,Louisiana,Total,Total,2007,0.12468646533560751,0.11360777003099702,1.5771962992759452,0.07461469569983024,0.8222997074269626
22,Louisiana,Total,Total,2008,0.10931058622209547,0.09504944780689632,1.5710144584024652,0.06384627719279491,0.8012896433020822
22,Louisiana,Total,Total,2009,0.10343704186349569,0.08482410019663161,1.6964426358624312,0.05520830538938219,0.7623581060866159
22,Louisiana,Total,Total,2010,0.09701903807615231,0.08522329692034294,1.7660944759938046,0.05096874367109971,0.7359649398576195
22,Louisiana,Total,Total,2011,0.0993119435744408,0.08800983472203251,1.7642377518030343,0.05358668673963462,0.7396979221776802
22,Louisiana,Total,Total,2012,0.09695614614563748,0.08293899636859342,1.799900393184797,0.053541753921396436,0.7274505875552816
22,Louisiana,Total,Total,2013,0.09496380874706901,0.08057040211896266,1.8272793131204723,0.050867832781792396,0.7177606066764114
22,Louisiana,Total,Total,2014,0.09589635032773088,0.08096445897115276,1.8776398508257859,0.049962221382697396,0.7062386809923317
22,Louisiana,Total,Total,2015,0.08460493194626985,0.0814212837551033,2.007165479018211,0.05213795340288664,0.6571376431602758
22,Louisiana,Total,Total,2016,0.0719784526944182,0.07654759856224756,2.01258190982918,0.05019404216191365,0.6385828946169924
22,Louisiana,Total,Total,2017,0.07784510761164827,0.08774108458086397,,0.050842166696073506,
22,Louisiana,Total,Total,2018,0.0757201342529414,0.08811744987327483,,0.05533521677713789,
22,Louisiana,Total,Total,2019,0.06964907085215073,0.08094572484820795,,,
22,Louisiana,Total,Total,2020,0.05818358887872777,,,,
23,Maine,Total,Total,2005,,,,,
23,Maine,Total,Total,2006,0.24193201376936316,0.16991294322610961,1.2850822587816806,,1.058698451418531
23,Maine,Total,Total,2007,,,,0.06971897489335374,
23,Maine,Total,Total,2008,,,,,
23,Maine,Total,Total,2009,,,,,
23,Maine,Total,Total,2010,,,,,
23,Maine,Total,Total,2011,,,,,
23,Maine,Total,Total,2012,,,,,
23,Maine,Total,Total,2013,,,,,
23,Maine,Total,Total,2014,,,,,
23,Maine,Total,Total,2015,,,,,
23,Maine,Total,Total,2016,0.19271736437948972,0.11687674686043971,1.7558489347966433,0.0560464876388268,0.8649654398926367
23,Maine,Total,Total,2017,0.1853735729625862,0.12288215601238411,,0.053110721769899345,
23,Maine,Total,Total,2018,0.1684683034078417,0.13733545323313345,,0.05771990978060283,
23,Maine,Total,Total,2019,0.17392613408269772,0.12892311629415598,,,
23,Maine,Total,Total,2020,0.1641337386018237,,,,
24,Maryland,Total,Total,2005,0.16311629520106602,0.15978888412248168,1.5449166013657223,,0.8843848979973895
24,Maryland,Total,Total,2006,0.1317072336349486,0.1368313102735258,1.6512639646661469,0.0863355382313568,0.8137407553509
24,Maryland,Total,Total,2007,0.11171082203909283,0.11605389174105248,1.696089606827187,0.07180791015912594,0.7743091217028593
24,Maryland,Total,Total,2008,0.09646366857852628,0.0928941515031315,1.7052147587511828,0.06329076002836001,0.7500890415076437
24,Maryland,Total,Total,2009,0.09966972625777562,0.08584060974579731,1.8619650477545213,0.05079423906441418,0.7154675383333664
24,Maryland,Total,Total,2010,0.09471142612352987,0.08402657271261237,1.968621682781321,0.05147319843805467,0.6808661399044744
24,Maryland,Total,Total,2011,0.0942399356802389,0.08430633253068498,1.9527764227642277,0.05200808710485858,0.6844259889681875
24,Maryland,Total,Total,2012,0.09383292842459354,0.0852897371017321,1.8742028696691908,0.051218621157559624,0.7042691019066127
24,Maryland,Total,Total,2013,0.09376261075532942,0.09022168467386144,2.032824784724822,0.05361664877708188,0.662368862725893
24,Maryland,Total,Total,2014,0.09047093257619573,0.08665023971498417,2.1370213178294577,0.054548668517536474,0.6292939054557789
24,Maryland,Total,Total,2015,0.0889210132625103,0.08837933681081242,2.2350945179584123,0.05446505496330589,0.5990969566952179
24,Maryland,Total,Total,2016,0.08195801954814934,0.08520281184270778,2.216906066536203,0.05360551758113184,0.5959343539212798
24,Maryland,Total,Total,2017,0.08054306543851225,0.09188448352453939,,0.05338705873909343,
24,Maryland,Total,Total,2018,0.07669710624609535,0.09559624387943806,,0.05745868782722513,
24,Maryland,Total,Total,2019,0.07549464056779583,0.09448068703603234,,,
24,Maryland,Total,Total,2020,0.06619834964262708,,,,
25,Massachusetts,Total,Total,2005,0.2027933552005079,0.1496574417213651,1.4004518418031933,,0.9759207596508438
25,Massachusetts,Total,Total,2006,0.17205988642230252,0.129982696014592,1.4636610250870243,0.07291496495445246,0.9176277318311991
25,Massachusetts,Total,Total,2007,0.16144933102874337,0.11763866272547605,1.441890034364261,0.06366976780548823,0.9083458658037586
25,Massachusetts,Total,Total,2008,0.15190693156324445,0.10153089357234316,1.562084348355664,0.0580308904849679,0.8645438085173625
25,Massachusetts,Total,Total,2009,0.14454493417286776,0.09686061446115318,1.676823585354256,0.05158141732796689,0.8247638135116055
25,Massachusetts,Total,Total,2010,0.13879333994555468,0.1001628464828099,1.7887578017963157,0.053302089177860654,0.7873684105322736
25,Massachusetts,Total,Total,2011,0.13754891951676027,0.0977836068587935,1.8136615575166435,0.053627030732509066,0.7790096806139811
25,Massachusetts,Total,Total,2012,0.14444608910786408,0.10252130982942381,1.7777813646368306,0.05342464635251288,0.7977499005132028
25,Massachusetts,Total,Total,2013,0.142943342835147,0.10233394381166383,1.8797171599358506,0.055771545694114584,0.7677577794559215
25,Massachusetts,Total,Total,2014,0.13975263211693756,0.101085441153072,1.9335890290407745,0.055089404080576845,0.7485577852283324
25,Massachusetts,Total,Total,2015,0.14516000795070563,0.1074882974195155,1.9473685655456414,0.05558371346511235,0.751311318304368
25,Massachusetts,Total,Total,2016,0.13906210784408363,0.10555999113665379,1.9623765131487407,0.05918941561418207,0.7394822717206838
25,Massachusetts,Total,Total,2017,0.13398023034370182,0.10768552793679223,,0.056562384520430546,
25,Massachusetts,Total,Total,2018,0.13436805602316343,0.11597302486620314,,0.058989753504864934,
25,Massachusetts,Total,Total,2019,0.13114754098360656,0.10887191489071532,,,
25,Massachusetts,Total,Total,2020,0.1206570416956332,,,,
26,Michigan,Total,Total,2005,0.17645597751487024,0.1342932645331568,1.389834049488813,,0.9425580980384528
26,Michigan,Total,Total,2006,0.14711525023187264,0.11537372008057728,1.557954388389772,0.07901389511429852,0.8589332305924857
26,Michigan,Total,Total,2007,0.12676409395131977,0.1011270152912366,1.536554929298922,0.06761950443531005,0.8352499127092451
26,Michigan,Total,Total,2008,0.10954811726350518,0.08479032992124473,1.5915959212710458,0.05994501256500211,0.796717086282393
26,Michigan,Total,Total,2009,0.10635652209171882,0.07947207676018934,1.764872902897814,0.053275126040680715,0.7495042229238964
26,Michigan,Total,Total,2010,0.10518952419555183,0.08144765229293617,1.7568709597215317,0.0521973129662241,0.7498733279001003
26,Michigan,Total,Total,2011,0.10485398579321231,0.08065844654118853,1.7667801079994976,0.05279871649528962,0.7469103745860013
26,Michigan,Total,Total,2012,0.1028903277484814,0.07787094156951323,1.7726534061362456,0.05195816424164439,0.7426664148212658
26,Michigan,Total,Total,2013,0.10821431994632416,0.07972307253104867,1.9010482950944354,0.051393221593612856,0.7168256726452906
26,Michigan,Total,Total,2014,0.10819184364251788,0.07983002358142843,1.9765642387455744,0.05171775653990033,0.6964595669872176
26,Michigan,Total,Total,2015,0.104237726784079,0.0790799977647365,1.972849681528662,0.053548166374988486,0.6923199374465918
26,Michigan,Total,Total,2016,0.09656923442522482,0.07759353709450442,2.044568349993509,0.05035896233175677,0.6627986705290224
26,Michigan,Total,Total,2017,0.0945040688760467,0.08034601830481433,,0.05066967782361234,
26,Michigan,Total,Total,2018,0.09032251229021868,0.08538600282530014,,0.05343740227249036,
26,Michigan,Total,Total,2019,0.08592493864771092,0.08133690108910141,,,
26,Michigan,Total,Total,2020,0.07130466400527229,,,,
27,Minnesota,Total,Total,2005,0.2366717488565073,0.18495592818029852,1.3838185275166366,,1.0250031243811075
27,Minnesota,Total,Total,2006,0.19264636184489511,0.14956749758644963,1.4498341754113229,0.08793434838320645,0.9492654084054818
27,Minnesota,Total,Total,2007,0.17042077079904694,0.13323851595568675,1.4910064888248018,0.0703771892555351,0.9083335582629893
27,Minnesota,Total,Total,2008,0.1473233733951772,0.1095669959584663,1.5226056705514004,0.0630273095919897,0.8681469429375374
27,Minnesota,Total,Total,2009,0.12832187535219206,0.107797409037297,1.7439936831022986,0.0583873318496051,0.7852145907301112
27,Minnesota,Total,Total,2010,0.13037281524266747,0.09817678147362333,1.7381866973356332,0.05310607268090532,0.7895156189567933
27,Minnesota,Total,Total,2011,0.12830420430410194,0.0937872406331069,1.7332103688933198,0.052132606630331514,0.7879946167365779
27,Minnesota,Total,Total,2012,0.1295452268857057,0.09621245078016152,1.6928742746615086,0.04990590367324179,0.8001105690323134
27,Minnesota,Total,Total,2013,0.1335965359144167,0.09688778694809752,1.7890557039297976,0.050992883093614695,0.7804199539379747
27,Minnesota,Total,Total,2014,0.1349477414550217,0.0964029323368823,1.859862804878049,0.052120552283862025,0.7630347652711733
27,Minnesota,Total,Total,2015,0.13790590127676686,0.10009062333091087,1.925722353798506,0.053571604294387974,0.7484757288111247
27,Minnesota,Total,Total,2016,0.1316031064685011,0.09603921528863188,1.9023372948500286,0.052690112677430366,0.7470298033197755
27,Minnesota,Total,Total,2017,0.1269932316163818,0.09943893802447977,,0.051535461027401926,
27,Minnesota,Total,Total,2018,0.12137047494626828,0.10274249324280817,,0.05495289472655487,
27,Minnesota,Total,Total,2019,0.12074054781438555,0.09864118793566673,,,
27,Minnesota,Total,Total,2020,0.11353126592552047,,,,
28,Mississippi,Total,Total,2005,0.1880506329113924,0.12780704920915517,1.1868909386869233,,1.0095561291816861
28,Mississippi,Total,Total,2006,,,,0.0884414925510816,
28,Mississippi,Total,Total,2007,0.13639812541843338,0.10435911007905475,1.2900196206671026,,0.9081480762936035
28,Mississippi,Total,Total,2008,0.11383383774284878,0.07910968360875852,1.362280325760823,0.06555384862311696,0.8567055311183743
28,Mississippi,Total,Total,2009,0.10704154002026342,0.07141471433776288,1.4830591016548464,0.05264761726166756,0.8185313753736219
28,Mississippi,Total,Total,2010,0.11101656739576556,0.07466635785720345,1.460256525652565,0.051450686167434354,0.8298933224189788
28,Mississippi,Total,Total,2011,0.10239090290601613,0.07073481962620996,1.4774893415442918,0.052150988615937685,0.8126592378273164
28,Mississippi,Total,Total,2012,0.10586950044691627,0.07145212707485984,1.4991791744840526,0.050553648276195545,0.8130036868383999
28,Mississippi,Total,Total,2013,,,,0.05261748886563314,
28,Mississippi,Total,Total,2014,0.10137989298789074,0.07222949718906874,1.6400278551532035,,0.7730352719293713
28,Mississippi,Total,Total,2015,0.09419629292008508,0.07261238272012678,1.8012309820193637,0.05397073934530509,0.7232071223000884
28,Mississippi,Total,Total,2016,0.08526260883521246,0.0711192802528031,1.7584629891560584,0.05157411028549081,0.7208049493741149
28,Mississippi,Total,Total,2017,0.08010972007314672,0.07622527614095319,,0.05362923001471309,
28,Mississippi,Total,Total,2018,0.07519637164360601,0.07675225258468578,,0.05577121517370154,
28,Mississippi,Total,Total,2019,0.07412256890109539,0.07798668682246755,,,
28,Mississippi,Total,Total,2020,0.061105342554316947,,,,
29,Missouri,Total,Total,2005,0.23392694772792796,0.18216672711258486,1.1501615662421592,,1.0834800466514996
29,Missouri,Total,Total,2006,0.19935088199962064,0.1618942188411393,1.1383157450401016,0.0965000182195824,1.037796935504071
29,Missouri,Total,Total,2007,0.17160240753663641,0.13365350841733456,1.1620299606449156,0.08153716556485432,0.9913542879447109
29,Missouri,Total,Total,2008,0.1514885760443111,0.11080508231379378,1.2225927615571779,0.06952527938414622,0.9468211860816591
29,Missouri,Total,Total,2009,0.14756106347719578,0.1030684331450903,1.410811382113821,0.06056663089211599,0.896128193549208
29,Missouri,Total,Total,2010,0.1526394479585969,0.11067426243009058,1.3703822422874343,0.05967169476486247,0.913358250999941
29,Missouri,Total,Total,2011,0.1498329887068554,0.10971211799792856,1.3761585088649797,0.066355757569782,0.9078568816897932
29,Missouri,Total,Total,2012,0.15480688030579137,0.11563040565091735,1.3292713711990818,0.06434959429846208,0.9264782990310227
29,Missouri,Total,Total,2013,0.15641571862394055,0.1142579976045882,1.3925470878006376,0.06862355823705439,0.9134208754128581
29,Missouri,Total,Total,2014,0.15874247125387844,0.11489048747053021,1.429503811304473,0.06549209055602917,0.907608592368218
29,Missouri,Total,Total,2015,0.14737858372161355,0.11565069077488928,1.4997363169897377,0.06600926673909208,0.8739497052530677
29,Missouri,Total,Total,2016,0.13134621683589912,0.11199028771334955,1.5712163948876157,0.06217842663127466,0.8333348412694677
29,Missouri,Total,Total,2017,0.12885270868083254,0.1163809408400978,,0.06305987099118743,
29,Missouri,Total,Total,2018,0.12078599208573224,0.11617834028655473,,0.06900235815005534,
29,Missouri,Total,Total,2019,0.11572320605998566,0.11051860812053518,,,
29,Missouri,Total,Total,2020,0.10257108851829015,,,,
30,Montana,Total,Total,2005,0.2617384384118843,0.31485945142122873,1.1546522619851454,,1.1198425788028634
30,Montana,Total,Total,2006,0.22861113523842613,0.2762697702930223,1.2530547112462005,0.10997637652189715,1.0494680980447375
30,Montana,Total,Total,2007,,,,0.08728108968689191,
30,Montana,Total,Total,2008,,,,,
30,Montana,Total,Total,2009,,,,,
30,Montana,Total,Total,2010,,,,,
30,Montana,Total,Total,2011,,,,,
30,Montana,Total,Total,2012,,,,,
30,Montana,Total,Total,2013,0.16020166683815207,0.15361559005849626,1.6200128369704754,,0.8607983613934229
30,Montana,Total,Total,2014,0.1638709677419355,0.16156669788397535,1.7282969696969697,0.05657035314956271,0.8364806396638164
30,Montana,Total,Total,2015,0.16020647583294229,0.16565176253669425,1.777359813084112,0.061792641653626405,0.8182314123780947
30,Montana,Total,Total,2016,,,,0.061838540726024925,
30,Montana,Total,Total,2017,0.14249447219719924,0.16532349246827976,,,
30,Montana,Total,Total,2018,0.12556840327400287,0.18224415814606876,,0.06363928227446224,
30,Montana,Total,Total,2019,0.1283548088559835,0.16869733471310225,,,
30,Montana,Total,Total,2020,0.1236758653262263,,,,
31,Nebraska,Total,Total,2005,0.2767783005812344,0.1703096854550419,1.1309005059021924,,1.1460562340775429
31,Nebraska,Total,Total,2006,,,,0.07951029905603003,
31,Nebraska,Total,Total,2007,0.2134091319256452,0.1326088906831741,1.2832478632478632,,1.0209530388348484
31,Nebraska,Total,Total,2008,,,,,
31,Nebraska,Total,Total,2009,,,,0.0531766846866135,
31,Nebraska,Total,Total,2010,0.17525022747952684,0.10527224846436976,1.4589942378208485,,0.9232234922736571
31,Nebraska,Total,Total,2011,0.17051555176821473,0.10871029710888197,1.5644824120603016,0.0531989435670781,0.8892991033596909
31,Nebraska,Total,Total,2012,0.16845467201703382,0.11099102521282274,1.5074842462433347,0.053734134936539744,0.9013808121973066
31,Nebraska,Total,Total,2013,0.16350848158874637,0.10593589484468544,1.5555375253549697,0.054264395175309565,0.882162210318184
31,Nebraska,Total,Total,2014,0.1630012936610608,0.10727278628823922,1.686872549019608,0.05151915455746367,0.8466440472768844
31,Nebraska,Total,Total,2015,0.1677700755510554,0.113891302014459,1.7713255269320842,0.05549439026947677,0.8295211271242348
31,Nebraska,Total,Total,2016,0.16569609441726843,0.11198478602194777,1.7054605263157898,0.05506225892464211,0.845098067019426
31,Nebraska,Total,Total,2017,0.15115408184108395,0.1158695934699655,,0.055351028499343514,
31,Nebraska,Total,Total,2018,0.13944586219467736,0.11918276456236816,,0.057615928199308816,
31,Nebraska,Total,Total,2019,0.14923857868020304,0.11398836233100773,,,
31,Nebraska,Total,Total,2020,0.13628307380681098,,,,
32,Nevada,Total,Total,2005,0.14244291409931134,0.2585374297481686,1.7074745547073793,,0.813875136800317
32,Nevada,Total,Total,2006,0.12321103597025321,0.2173897531888984,1.796925041035929,0.14769172879283177,0.7644441382918199
32,Nevada,Total,Total,2007,0.11072824402765893,0.1840779493993246,1.7388361888842456,0.11932665183588285,0.7622119366746889
32,Nevada,Total,Total,2008,0.0902365491651206,0.1466293341573618,1.815383033419023,0.10654732995675201,0.7140494576512942
32,Nevada,Total,Total,2009,0.0942315342792733,0.1323442589671337,1.9087229254571025,0.09023927808577531,0.6959295534922086
32,Nevada,Total,Total,2010,0.10241508813289837,0.1382472279321567,1.9013501205464773,0.08676923076923077,0.708965061334418
32,Nevada,Total,Total,2011,0.09472156443358032,0.13713122942570768,1.9817455621301776,0.0943121888708167,0.677386837145977
32,Nevada,Total,Total,2012,0.09968919968919969,0.14026988377534078,1.9189539422326307,0.08932499144630725,0.7006638334355554
32,Nevada,Total,Total,2013,0.10166381823665427,0.14571483121215287,2.1111292719167905,0.09440652210617718,0.6506125693059415
32,Nevada,Total,Total,2014,0.09685552888694936,0.1417859277377993,2.1299624154347283,0.09612260752878028,0.6392682757859165
32,Nevada,Total,Total,2015,0.10140258710412846,0.1427306266369811,2.096310774493037,0.09348175350011476,0.6545011800395253
32,Nevada,Total,Total,2016,0.09495490137773813,0.1313424937182162,2.178410751565762,0.09008364270698216,0.6229882930968795
32,Nevada,Total,Total,2017,0.09408497257098263,0.13801788272688856,,0.08465374939312353,
32,Nevada,Total,Total,2018,0.09587278041970246,0.14517690607037662,,0.09058251591808639,
32,Nevada,Total,Total,2019,0.09727875059157595,0.133467265943673,,,
32,Nevada,Total,Total,2020,0.09091614154144449,,,,
33,New Hampshire,Total,Total,2005,0.20567705909725453,0.1701974290176605,1.2101763110307413,,1.028925274471554
33,New Hampshire,Total,Total,2006,,,,,
33,New Hampshire,Total,Total,2007,,,,,
33,New Hampshire,Total,Total,2008,,,,,
33,New Hampshire,Total,Total,2009,,,,,
33,New Hampshire,Total,Total,2010,,,,,
33,New Hampshire,Total,Total,2011,,,,,
33,New Hampshire,Total,Total,2012,,,,,
33,New Hampshire,Total,Total,2013,,,,,
33,New Hampshire,Total,Total,2014,,,,,
33,New Hampshire,Total,Total,2015,,,,0.04593445267248332,
33,New Hampshire,Total,Total,2016,,,,,
33,New Hampshire,Total,Total,2017,0.1229282992112027,0.10283313821974856,,,
33,New Hampshire,Total,Total,2018,0.11884193322437543,0.11282153583579922,,0.052965717395247594,
33,New Hampshire,Total,Total,2019,0.1259407017862,0.10215406067907078,,,
33,New Hampshire,Total,Total,2020,0.11709643235605793,,,,
34,New Jersey,Total,Total,2005,0.17188995760587136,0.17433015864356502,1.6322804344946351,,0.8730492344952208
34,New Jersey,Total,Total,2006,0.15112401731295821,0.15801786235670937,1.7415895151869156,0.08146090322440348,0.8162866014736732
34,New Jersey,Total,Total,2007,0.1302240610391704,0.13964232068067278,1.7125117583959075,0.0717723954841066,0.7959831011820907
34,New Jersey,Total,Total,2008,0.11473661519610624,0.11609339359368347,1.7978197645662282,0.06476845015377442,0.7527032138541588
34,New Jersey,Total,Total,2009,0.11647078416444613,0.11182554894569215,1.9840913736713004,0.05676989163106192,0.7050222085693371
34,New Jersey,Total,Total,2010,0.11641322048670841,0.11535953513437097,1.9897013601419284,0.05742929927332919,0.7033864704992895
34,New Jersey,Total,Total,2011,0.11312723766030792,0.1156078923738777,1.9875193646435925,0.060740066332834755,0.6998030169664806
34,New Jersey,Total,Total,2012,0.11360132281634751,0.11495835699092205,1.9693480184875602,0.05960187422126808,0.7054276795588713
34,New Jersey,Total,Total,2013,0.11421985273231805,0.11804259966047086,2.057762465307685,0.05981603153745072,0.6814303717580463
34,New Jersey,Total,Total,2014,0.11260135135135135,0.1127979220544812,2.135876753507014,0.059732962642805414,0.6568052389109588
34,New Jersey,Total,Total,2015,0.10766801645524753,0.11303628381263808,2.148090145912452,0.059210834896810505,0.6472690425133276
34,New Jersey,Total,Total,2016,0.10336769185828151,0.1116919538617989,2.148456402994133,0.05840350560699259,0.6419489248478687
34,New Jersey,Total,Total,2017,0.10014353972904418,0.11463588251678994,,0.05795597630928508,
34,New Jersey,Total,Total,2018,0.09766326595734982,0.12054883932917136,,0.060172120250950395,
34,New Jersey,Total,Total,2019,0.09331461472846175,0.11823660606224365,,,
34,New Jersey,Total,Total,2020,0.08276827117029274,,,,
35,New Mexico,Total,Total,2005,0.26948583240031004,0.16193355600706733,1.2524370015948965,,1.1034028193639214
35,New Mexico,Total,Total,2006,0.22076363363588627,0.1499895267251981,1.3541142468548113,0.09555469425479264,1.0122148000286786
35,New Mexico,Total,Total,2007,0.17353168198722896,0.1242669855834217,1.3522968054993934,0.08069121846389354,0.9478735608659298
35,New Mexico,Total,Total,2008,0.1485857765305369,0.10006654524728671,1.3576294820717132,0.07183959186094797,0.9104958634136542
35,New Mexico,Total,Total,2009,0.1415617128463476,0.08277682366769082,1.5937203791469192,0.0571445959104187,0.8421030589413245
35,New Mexico,Total,Total,2010,,,,0.051942369597149735,
35,New Mexico,Total,Total,2011,0.13777459407831902,0.08320315316397894,1.6108487297921479,,0.832469637782512
35,New Mexico,Total,Total,2012,0.1355877616747182,0.0806780404817878,1.61729055258467,0.05268314265849188,0.8277805844134387
35,New Mexico,Total,Total,2013,0.12952255080125558,0.07494241908202227,1.684467134652202,0.05350225439766305,0.8022347590760964
35,New Mexico,Total,Total,2014,0.12745773085456355,0.07972939861253618,1.7508954326923076,0.05080794532796832,0.7822411336526658
35,New Mexico,Total,Total,2015,,,,0.051411161000641435,
35,New Mexico,Total,Total,2016,,,,,
35,New Mexico,Total,Total,2017,0.1062492296314557,0.08241768748589721,,,
35,New Mexico,Total,Total,2018,0.10119344990285872,0.08711063624213411,,0.0565377890033029,
35,New Mexico,Total,Total,2019,0.10191192513061952,0.08465163349037999,,,
35,New Mexico,Total,Total,2020,0.09777654252362424,,,,
36,New York,Total,Total,2005,0.1899752368585858,0.1728201222938219,1.6885539579234143,,0.8807755675758946
36,New York,Total,Total,2006,0.17285963110178196,0.16207588620790425,1.7722676579925651,0.08624373014167226,0.8356634998318941
36,New York,Total,Total,2007,0.15954359907539467,0.15260029682733445,1.7317055273625017,0.07715810443955863,0.8299493652018837
36,New York,Total,Total,2008,0.1518113461549525,0.13734853820723203,1.8063507109004742,0.07419163529472436,0.7994646993770925
36,New York,Total,Total,2009,0.15450791868435212,0.13683591282072582,1.888991733656909,0.06751096565395882,0.7796079994143124
36,New York,Total,Total,2010,0.14748033147448067,0.1413668683895847,1.909153632509867,0.06976466527028324,0.765132268583598
36,New York,Total,Total,2011,0.1424614270799998,0.1392618307553612,1.9480092370219841,0.07046356453935113,0.7478020648911716
36,New York,Total,Total,2012,0.1442090530266883,0.13897253615350014,1.929727410585494,0.06830601787043553,0.7551993913493316
36,New York,Total,Total,2013,0.1428189272890023,0.14146640667123,2.023620427931184,0.0694127082608235,0.7262102371701867
36,New York,Total,Total,2014,0.13523319548463564,0.132959823162621,2.0771290248213323,0.06867147446338273,0.7012637091762092
36,New York,Total,Total,2015,0.1341109468265703,0.13706160155557973,2.108487363680351,0.06613326416393148,0.6905196690054363
36,New York,Total,Total,2016,0.1272526610094668,0.13213688409380164,2.1367308435784427,0.06595943576095563,0.6739438250232564
36,New York,Total,Total,2017,0.12419856520506037,0.1363633672037347,,0.06409684628633522,
36,New York,Total,Total,2018,0.11957744004216815,0.1393881758704695,,0.06656571625547841,
36,New York,Total,Total,2019,0.11545851300598137,0.1365354137476424,,,
36,New York,Total,Total,2020,0.10297047600708922,,,,
37,North Carolina,Total,Total,2005,0.2112835680621398,0.17560350710770903,1.3907710464201417,,0.9898418478870071
37,North Carolina,Total,Total,2006,0.17828266388906971,0.1535559649982562,1.4645002192021044,0.09747241827400821,0.9259593129239143
37,North Carolina,Total,Total,2007,0.15283590342972767,0.13337300561513404,1.4416783159279665,0.08202084521518956,0.896159588778643
37,North Carolina,Total,Total,2008,0.1341545753930525,0.10458191456873549,1.5441079860398275,0.07381534814515926,0.8440658120885971
37,North Carolina,Total,Total,2009,0.1339186583299246,0.0970097462677122,1.6918929233453277,0.060875952621430536,0.8063769315190832
37,North Carolina,Total,Total,2010,0.13123401534526855,0.09432520711908299,1.6632754040292228,0.061124401116804714,0.8100231779978925
37,North Carolina,Total,Total,2011,0.12370288687194277,0.09060229506485674,1.6682387855267664,0.06079366895242966,0.7982437288463401
37,North Carolina,Total,Total,2012,0.12363966571602888,0.08937916253140168,1.6713110245244098,0.05796654693614968,0.7973799187319862
37,North Carolina,Total,Total,2013,0.12712601740106652,0.09203180710279524,1.815875924494977,0.05927617567875273,0.7646710702059157
37,North Carolina,Total,Total,2014,0.1300646447308315,0.09459485444664778,1.9028437533283629,0.06071190062775478,0.7449191082516745
37,North Carolina,Total,Total,2015,0.1258960235418396,0.09979419130220503,1.9066506602641058,0.06346127199667452,0.738508800229547
37,North Carolina,Total,Total,2016,0.12652492157546183,0.10366538425026696,1.8947017410332032,0.0652799420653446,0.7425977917637958
37,North Carolina,Total,Total,2017,0.12218043063505042,0.10914243959988053,,0.06850152126589691,
37,North Carolina,Total,Total,2018,0.11768708864873649,0.11161076576235972,,0.07097895734359212,
37,North Carolina,Total,Total,2019,0.11331944685529133,0.11204143673906501,,,
37,North Carolina,Total,Total,2020,0.09957816023916741,,,,
38,North Dakota,Total,Total,2005,,,,,
38,North Dakota,Total,Total,2006,,,,,
38,North Dakota,Total,Total,2007,,,,,
38,North Dakota,Total,Total,2008,,,,,
38,North Dakota,Total,Total,2009,,,,,
38,North Dakota,Total,Total,2010,,,,,
38,North Dakota,Total,Total,2011,,,,,
38,North Dakota,Total,Total,2012,,,,,
38,North Dakota,Total,Total,2013,,,,,
38,North Dakota,Total,Total,2014,,,,,
38,North Dakota,Total,Total,2015,,,,,
38,North Dakota,Total,Total,2016,,,,,
38,North Dakota,Total,Total,2017,0.13594066082265677,0.13352019095506676,,,
38,North Dakota,Total,Total,2018,0.13120856112597418,0.1487969607429295,,0.05889767388564226,
38,North Dakota,Total,Total,2019,0.1415108231482845,0.12610522503418356,,,
38,North Dakota,Total,Total,2020,0.13276661514683152,,,,
39,Ohio,Total,Total,2005,0.19099771332290288,0.1107532547289965,1.3249338374291115,,0.9793306186502133
39,Ohio,Total,Total,2006,0.16920845668490775,0.09856972429655299,1.4501608342170378,0.06668671205515346,0.9171276392071078
39,Ohio,Total,Total,2007,0.14903550624945117,0.08854422272206662,1.4186762250810174,0.059432016672743004,0.8963495817530864
39,Ohio,Total,Total,2008,0.12506866602330932,0.07315426805741986,1.4763995726495724,0.0552064531942866,0.8472637197482054
39,Ohio,Total,Total,2009,0.11591156322582542,0.06839336567872588,1.654467410601065,0.04624101411882337,0.7906375736003024
39,Ohio,Total,Total,2010,0.11292255027813436,0.06860880036771613,1.6718979669150142,0.04673775189064775,0.7820447551526309
39,Ohio,Total,Total,2011,0.10858215602176029,0.06863777660725133,1.7274485804416404,0.047019565307586074,0.7620419867540963
39,Ohio,Total,Total,2012,0.10819581578402265,0.06784182386530761,1.7028764848639673,0.04611702253714719,0.7676103562722738
39,Ohio,Total,Total,2013,0.10615453981851998,0.06507908482256232,1.8525285828237168,0.04619753263177989,0.726790168549186
39,Ohio,Total,Total,2014,0.10629088793335888,0.06455394003119963,1.898513712374582,0.04588947939197488,0.7149243976973885
39,Ohio,Total,Total,2015,0.10162359626572859,0.06465231369808738,1.9562057920726008,0.044951030665059344,0.6933620693128724
39,Ohio,Total,Total,2016,0.09863998345227014,0.06558154846373289,1.9799158116285187,0.0449599117939622,0.6830616353933779
39,Ohio,Total,Total,2017,0.09474966043745024,0.0694017401894568,,0.0468742451326151,
39,Ohio,Total,Total,2018,0.09252497340921302,0.07226578942838344,,0.04933759984485413,
39,Ohio,Total,Total,2019,0.08894086412339201,0.07222112908607164,,,
39,Ohio,Total,Total,2020,0.07916673219987103,,,,
40,Oklahoma,Total,Total,2005,0.22100266983091071,0.1679537011387881,1.2102594576498158,,1.0502231151047774
40,Oklahoma,Total,Total,2006,0.19130279169649247,0.14871636492130136,1.3215013103706477,0.09110845295055821,0.9806283085266198
40,Oklahoma,Total,Total,2007,0.17565639269406394,0.13548506211153635,1.3260418784305754,0.0781582628793869,0.9574361883460621
40,Oklahoma,Total,Total,2008,0.15332523007466575,0.12033330280710476,1.3399229549059597,0.07292172330097087,0.9217329422194502
40,Oklahoma,Total,Total,2009,0.1379000897397547,0.0992045345725651,1.546400867914293,0.06381618016536476,0.8488454305573595
40,Oklahoma,Total,Total,2010,0.13597662168987662,0.10024085465102671,1.5894027077249802,0.05699194628805494,0.8353638742593911
40,Oklahoma,Total,Total,2011,0.1411689328682281,0.10468857524550737,1.6801865859808374,0.059701723444413504,0.8193085372068176
40,Oklahoma,Total,Total,2012,0.13736919727508953,0.10244018168991734,1.5729976999744444,0.059565651139590205,0.8414475335963333
40,Oklahoma,Total,Total,2013,0.13509952146473403,0.10111039770954844,1.7416889460154241,0.06043863799392561,0.7949859227050166
40,Oklahoma,Total,Total,2014,0.1326695278969957,0.09963418473632138,1.6969810831821717,0.058611895436742875,0.8033496567137504
40,Oklahoma,Total,Total,2015,0.12519978689397976,0.09617598158332268,1.8368778280542986,0.05839438200542992,0.7565083315500456
40,Oklahoma,Total,Total,2016,0.11271965765273605,0.09459212684819492,1.814180592991914,0.05745620715917746,0.745705399171594
40,Oklahoma,Total,Total,2017,0.10916283245427,0.09897449098469825,,0.05798165137614679,
40,Oklahoma,Total,Total,2018,0.10909227044700127,0.11093246976385926,,0.05950815159208393,
40,Oklahoma,Total,Total,2019,0.10777622856583743,0.11134779607937485,,,
40,Oklahoma,Total,Total,2020,0.09859655356191153,,,,
41,Oregon,Total,Total,2005,0.28615115771079075,0.2356635471805894,1.2506343808630391,,1.1250962263298372
41,Oregon,Total,Total,2006,0.22887012709927154,0.2045556886449391,1.362251497005988,0.1055589794157525,1.0207267406556277
41,Oregon,Total,Total,2007,0.19741741741741742,0.1766056838876461,1.3358832471875948,0.08610344994435573,0.9854239935375587
41,Oregon,Total,Total,2008,0.16349145869054424,0.13662362142547074,1.4519169577027553,0.07634991173068728,0.908694772662552
41,Oregon,Total,Total,2009,0.15826768944996733,0.1208055453447461,1.6319761129207384,0.06186156426284495,0.8550446954029627
41,Oregon,Total,Total,2010,0.15807723687788958,0.12117292262053513,1.593379221337922,0.05974156737707669,0.8649175821063475
41,Oregon,Total,Total,2011,0.1587307009154256,0.12001438003159061,1.6311700064641241,0.060783804827407216,0.8558787034427106
41,Oregon,Total,Total,2012,0.16062554300608167,0.11854318580579999,1.6306460004335575,0.05833526667182223,0.8585549921064386
41,Oregon,Total,Total,2013,0.16394220986230754,0.12323873642818757,1.6808746113989639,0.060254643804858135,0.8494989764424217
41,Oregon,Total,Total,2014,0.16884982957962974,0.12749656594446368,1.8501665675193335,0.06076708051071546,0.8084470340036877
41,Oregon,Total,Total,2015,0.15882880018498713,0.13683477630315513,1.8475109409190371,0.06458582840492388,0.7968016467691437
41,Oregon,Total,Total,2016,0.1576092971776425,0.13926732088403454,1.9038399296394015,0.0677853484101672,0.7791562041438965
41,Oregon,Total,Total,2017,0.15560312198177975,0.14385954327430692,,0.0676297957625501,
41,Oregon,Total,Total,2018,0.15286069952382103,0.15122363450366652,,0.07224731624332727,
41,Oregon,Total,Total,2019,0.14606942317508934,0.13568887770859112,,,
41,Oregon,Total,Total,2020,0.13464708526899447,,,,
42,Pennsylvania,Total,Total,2005,0.1979131029763941,0.12081134201714218,1.4117155395970478,,0.9663866596977414
42,Pennsylvania,Total,Total,2006,0.17027575382495183,0.10665976916440816,1.5208147204317193,0.06829194008361714,0.9004115599899514
42,Pennsylvania,Total,Total,2007,0.16276746955552995,0.10117051685311698,1.4949457120377656,0.06028997311293032,0.8967587269478765
42,Pennsylvania,Total,Total,2008,0.14280647669453955,0.0830063703761848,1.5566408787010506,0.05723600627755773,0.853224461733749
42,Pennsylvania,Total,Total,2009,0.1356486528578103,0.07563833114731372,1.7197765479795346,0.047574153997754415,0.8014794886048328
42,Pennsylvania,Total,Total,2010,0.13480693513849554,0.07676718725906999,1.7221238212382122,0.04601770761773452,0.7997255041409441
42,Pennsylvania,Total,Total,2011,0.13088795349769494,0.07684875388509876,1.7665897488258118,0.047390166178944884,0.7827618309319868
42,Pennsylvania,Total,Total,2012,0.13297150610583447,0.07829488221225808,1.7576060424169666,0.047100162248826336,0.7879301533759336
42,Pennsylvania,Total,Total,2013,0.12838085753223608,0.07668098822594226,1.8685905423347968,0.0479228458071723,0.7521326653675026
42,Pennsylvania,Total,Total,2014,0.12835679640364367,0.07635878164696157,1.9554876422930985,0.04701914540471687,0.7280807175772308
42,Pennsylvania,Total,Total,2015,0.12391015862385435,0.0781473287160889,1.9945303258145366,0.04813004674883128,0.7114833176161208
42,Pennsylvania,Total,Total,2016,0.11722006441834028,0.07744317815099425,2.0790233782005867,0.04752172181681228,0.6790121586468333
42,Pennsylvania,Total,Total,2017,0.11527918837161048,0.08254845440218411,,0.048727966432380615,
42,Pennsylvania,Total,Total,2018,0.1132037241533022,0.08729058734987996,,0.05147080091400804,
42,Pennsylvania,Total,Total,2019,0.10809366498251069,0.08690055896782914,,,
42,Pennsylvania,Total,Total,2020,0.09770972099669693,,,,
44,Rhode Island,Total,Total,2005,,,,,
44,Rhode Island,Total,Total,2006,,,,,
44,Rhode Island,Total,Total,2007,,,,,
44,Rhode Island,Total,Total,2008,,,,,
44,Rhode Island,Total,Total,2009,,,,,
44,Rhode Island,Total,Total,2010,,,,,
44,Rhode Island,Total,Total,2011,,,,,
44,Rhode Island,Total,Total,2012,,,,,
44,Rhode Island,Total,Total,2013,,,,,
44,Rhode Island,Total,Total,2014,0.16899462778204144,0.10426768288987211,1.9651677243880326,,0.7747238932634741
44,Rhode Island,Total,Total,2015,,,,0.05188612435673481,
44,Rhode Island,Total,Total,2016,,,,,
44,Rhode Island,Total,Total,2017,0.14748589943597745,0.1164186258434193,,,
44,Rhode Island,Total,Total,2018,0.13772571986334797,0.13332867171192692,,0.059515506579253266,
44,Rhode Island,Total,Total,2019,0.14496724240619416,0.11488057423295743,,,
44,Rhode Island,Total,Total,2020,0.1329318612690978,,,,
45,South Carolina,Total,Total,2005,0.21891141432538141,0.17170357013219675,1.3270516841674622,,1.0169293816777445
45,South Carolina,Total,Total,2006,0.17842289365687058,0.14865138679719594,1.443615182842154,0.09535911894739629,0.9315486421314266
45,South Carolina,Total,Total,2007,0.14894632206759442,0.1264370143853325,1.4111047856253336,0.08178846908092562,0.8980700635180563
45,South Carolina,Total,Total,2008,0.12493363511889792,0.09871945128677527,1.476870109546166,0.07068315587593413,0.8469509803550018
45,South Carolina,Total,Total,2009,0.12008287882019562,0.08586296088431224,1.6005203045685277,0.05796902460456942,0.8099299563012118
45,South Carolina,Total,Total,2010,0.12237093690248566,0.08421690253079989,1.6666470286885249,0.05581897761068402,0.7967704000818581
45,South Carolina,Total,Total,2011,0.12184282182091327,0.08332630564165965,1.6644101773323055,0.054994228384945346,0.7965876102337911
45,South Carolina,Total,Total,2012,0.12209248590529591,0.08400895925978843,1.6911534578495708,0.055056451727721854,0.7901951199633573
45,South Carolina,Total,Total,2013,0.12492886452810974,0.08755100670013938,1.8240706051873197,0.05799693408277976,0.7595655857499175
45,South Carolina,Total,Total,2014,0.12820956168410133,0.09223369102480565,1.932070752591257,0.058318021201413425,0.7344437230196406
45,South Carolina,Total,Total,2015,0.11941440253231338,0.0925400117499445,1.9122232063773252,0.06497963283298923,0.7285852842739399
45,South Carolina,Total,Total,2016,0.10748211422965569,0.09060163357246355,1.9675251060031242,0.06098779970149663,0.6980007658334939
45,South Carolina,Total,Total,2017,0.11123560945601546,0.10083110481256925,,0.0624079155458834,
45,South Carolina,Total,Total,2018,0.10878490995568925,0.10526820970875009,,0.06847091383256161,
45,South Carolina,Total,Total,2019,0.10194493851983605,0.1024139231660566,,,
45,South Carolina,Total,Total,2020,0.08825266473549512,,,,
46,South Dakota,Total,Total,2005,,,,,
46,South Dakota,Total,Total,2006,,,,,
46,South Dakota,Total,Total,2007,,,,,
46,South Dakota,Total,Total,2008,,,,,
46,South Dakota,Total,Total,2009,,,,,
46,South Dakota,Total,Total,2010,,,,,
46,South Dakota,Total,Total,2011,,,,,
46,South Dakota,Total,Total,2012,,,,,
46,South Dakota,Total,Total,2013,,,,,
46,South Dakota,Total,Total,2014,,,,,
46,South Dakota,Total,Total,2015,,,,,
46,South Dakota,Total,Total,2016,,,,,
46,South Dakota,Total,Total,2017,0.135493718445462,0.1322078481511523,,,
46,South Dakota,Total,Total,2018,0.12940812538667767,0.14282495237271509,,0.05939045312342315,
46,South Dakota,Total,Total,2019,0.1452724671608792,0.1262633398857639,,,
46,South Dakota,Total,Total,2020,0.14721747138534402,,,,
47,Tennessee,Total,Total,2005,0.22479995703775307,0.13974161821528322,1.1175280764635602,,1.0791511974949464
47,Tennessee,Total,Total,2006,0.1885895015568686,0.12633101682672646,1.2079937589390197,0.08916256681082574,1.0051587666064847
47,Tennessee,Total,Total,2007,0.1642085731956801,0.11177631394651998,1.191204347826087,0.07762571509845444,0.973382921312316
47,Tennessee,Total,Total,2008,0.13872892347600518,0.08560346037742675,1.2466560688236394,0.069980254357842,0.9217324086108775
47,Tennessee,Total,Total,2009,0.14263096115524254,0.08285734629090082,1.3803408003063373,0.05654544064148923,0.8962543958242035
47,Tennessee,Total,Total,2010,0.14230561555075594,0.08293850607783003,1.4277235617998862,0.05893620812544548,0.8843560268961473
47,Tennessee,Total,Total,2011,0.11901275883706337,0.08002449021305641,1.5346920821114372,0.05849745369327144,0.8243458075184533
47,Tennessee,Total,Total,2012,0.12361856256335452,0.07747255999397573,1.4541371016235718,0.057191962821832,0.8503929745448504
47,Tennessee,Total,Total,2013,0.1251417303426177,0.07817576535875856,1.6524881703470031,0.057371679016808244,0.8042346408374472
47,Tennessee,Total,Total,2014,0.12293691929204385,0.07868559136418374,1.7300564641744547,0.0567715690151986,0.7814450242877741
47,Tennessee,Total,Total,2015,0.11815091470233037,0.08015268912803038,1.7887307911212293,0.05860545827417574,0.7597244913671168
47,Tennessee,Total,Total,2016,0.11576391403437773,0.08177839034247616,1.7806992619926199,0.0596761964229963,0.7585363262464365
47,Tennessee,Total,Total,2017,0.11178359443417339,0.08561890138607521,,0.06108086575487983,
47,Tennessee,Total,Total,2018,0.1083715395653239,0.09145507190217542,,0.0634843818741751,
47,Tennessee,Total,Total,2019,0.10340207584288719,0.08927873268421628,,,
47,Tennessee,Total,Total,2020,0.09265499101018845,,,,
48,Texas,Total,Total,2005,0.1987768106047676,0.1533884069376568,1.328365588319496,,0.9892301163610588
48,Texas,Total,Total,2006,0.17496174577870666,0.14048197784377972,1.3989522910065808,0.10022162382513536,0.9381585031633953
48,Texas,Total,Total,2007,0.16027444182642903,0.12958216695606067,1.4293449414201564,0.08931419457735247,0.909824320445166
48,Texas,Total,Total,2008,0.13885289431757833,0.10755669938248075,1.4785528076143877,0.08524138008515993,0.8669546393231691
48,Texas,Total,Total,2009,0.13453808786862695,0.10094847700532232,1.6185459916959437,0.07133567489032767,0.8259937401170934
48,Texas,Total,Total,2010,0.13335553570797823,0.10469863862849697,1.6531502912033884,0.07172790836900902,0.8155525009266814
48,Texas,Total,Total,2011,0.13380601412246554,0.10802620594722008,1.655577492239948,0.07545988148397786,0.8155575670314006
48,Texas,Total,Total,2012,0.13074999284084726,0.10502413293176122,1.6429035669997811,0.07541168850855072,0.8145261547073228
48,Texas,Total,Total,2013,0.13288795464440709,0.10719303197331931,1.796750017609354,0.07494383210066588,0.777424951249026
48,Texas,Total,Total,2014,0.1317778316324241,0.10889570307561475,1.8639326684140654,0.0762568680404965,0.7578174915030251
48,Texas,Total,Total,2015,0.12425860147507524,0.10837254936793721,1.937540642214161,0.07803266337573869,0.7278845680027919
48,Texas,Total,Total,2016,0.11748451680156978,0.10981783243851473,1.9892971120900635,0.07703722022999876,0.7048593678985231
48,Texas,Total,Total,2017,0.11749119801042503,0.11487077717893021,,0.07933167592491278,
48,Texas,Total,Total,2018,0.11686083386186868,0.1222830291848038,,0.08287992695328472,
48,Texas,Total,Total,2019,0.1120234028992139,0.11819954703221468,,,
48,Texas,Total,Total,2020,0.10103646454179749,,,,
49,Utah,Total,Total,2005,0.22985410417234797,0.2743600875445891,1.488315539739027,,0.9873214042690993
49,Utah,Total,Total,2006,0.19278505973784943,0.2632342733558054,1.5324657740333985,0.14046494510212845,0.9274181897823432
49,Utah,Total,Total,2007,0.16184811177202932,0.22519522693904637,1.4719227482481625,0.12587140998504767,0.9013329057698505
49,Utah,Total,Total,2008,0.12923301680058435,0.16608906624749487,1.5423050847457627,0.10482870872732909,0.8374254877244837
49,Utah,Total,Total,2009,0.12343141165280888,0.14771862301127883,1.7159746709709462,0.0864507253120764,0.7857389184903756
49,Utah,Total,Total,2010,0.12823941419929957,0.1451357891596393,1.765591664599355,0.08336068937217891,0.7794564660037123
49,Utah,Total,Total,2011,0.1305954694618791,0.14564465971949814,1.7211946472019466,0.08180663141932046,0.7942409425495446
49,Utah,Total,Total,2012,0.11428488909426987,0.13867788145617033,1.7365994454247542,0.08173395767599831,0.7677628949030928
49,Utah,Total,Total,2013,0.10983373176824518,0.14111483828218827,1.8384529038555393,0.07838507850312831,0.7354629475531606
49,Utah,Total,Total,2014,0.11053258729665319,0.14529028945353212,1.8773029239766081,0.08003457216940363,0.726216397688572
49,Utah,Total,Total,2015,0.10864514255288252,0.15054488259746096,1.9321866666666667,0.08099331781665291,0.7090786637264459
49,Utah,Total,Total,2016,0.10853994490358126,0.15543080764845812,1.9107070707070708,0.08343580802055611,0.7146896540445954
49,Utah,Total,Total,2017,0.10766589661530636,0.16381590446050068,,0.08565329697926383,
49,Utah,Total,Total,2018,0.10904699607527422,0.17180637694027365,,0.09170252425831403,
49,Utah,Total,Total,2019,0.10732119845360824,0.16625295777424406,,,
49,Utah,Total,Total,2020,0.10590562864773964,,,,
50,Vermont,Total,Total,2005,,,,,
50,Vermont,Total,Total,2006,,,,,
50,Vermont,Total,Total,2007,,,,,
50,Vermont,Total,Total,2008,,,,,
50,Vermont,Total,Total,2009,,,,,
50,Vermont,Total,Total,2010,,,,,
50,Vermont,Total,Total,2011,,,,,
50,Vermont,Total,Total,2012,,,,,
50,Vermont,Total,Total,2013,,,,,
50,Vermont,Total,Total,2014,,,,,
50,Vermont,Total,Total,2015,,,,,
50,Vermont,Total,Total,2016,,,,,
50,Vermont,Total,Total,2017,0.128775245506763,0.11131683815332573,,,
50,Vermont,Total,Total,2018,0.11097616517382723,0.11708026484805191,,0.04377996467322735,
50,Vermont,Total,Total,2019,0.12815916830973292,0.11458535326744543,,,
50,Vermont,Total,Total,2020,0.1215547703180212,,,,
51,Virginia,Total,Total,2005,0.2143079074102843,0.18206161852052993,1.4454326086956522,,0.9791509573019442
51,Virginia,Total,Total,2006,0.17380094342386687,0.1546054882081388,1.5677508417508415,0.09907096121172686,0.8928369371327437
51,Virginia,Total,Total,2007,0.15173990794758288,0.13355696039220746,1.5710811854426103,0.07974633656981119,0.8620074957462194
51,Virginia,Total,Total,2008,0.12696534234995774,0.1054573845445252,1.617921857989597,0.07231826401446655,0.8154751424964535
51,Virginia,Total,Total,2009,0.12156974264183136,0.09708631294949734,1.8101766692647443,0.05885145811850412,0.7587475964350693
51,Virginia,Total,Total,2010,0.12527340775424897,0.0963645321191635,1.8305383022774326,0.057013193880924476,0.7582997996761571
51,Virginia,Total,Total,2011,0.11834110172750627,0.09496176779730792,1.822854356306892,0.059323059239878406,0.7510644271573519
51,Virginia,Total,Total,2012,0.11545489375497332,0.09572294956188576,1.852009703779367,0.05776613522424461,0.7394997370258032
51,Virginia,Total,Total,2013,0.11384307411114496,0.09509929624339604,1.9898878123406427,0.05924691719391469,0.7000612335947368
51,Virginia,Total,Total,2014,0.11477823358728434,0.09661902013393586,2.051474694589878,0.058297741841382866,0.6839176524069339
51,Virginia,Total,Total,2015,0.11008898426714417,0.09631888223216797,2.075431377424167,0.060803635742557344,0.6712596632517445
51,Virginia,Total,Total,2016,0.10434129368970425,0.09413674453092505,2.0691250474143383,0.058638366098154725,0.6658671507426441
51,Virginia,Total,Total,2017,0.1025282106064513,0.0986579330962156,,0.05861022772964872,
51,Virginia,Total,Total,2018,0.09874204391872379,0.10054949333547888,,0.06146994292545321,
51,Virginia,Total,Total,2019,0.09622626483270191,0.09909180683681919,,,
51,Virginia,Total,Total,2020,0.08536071665933408,,,,
53,Washington,Total,Total,2005,0.29619994797190485,0.23655551391533577,1.2156211138145443,,1.1475991969771009
53,Washington,Total,Total,2006,0.25123492245835727,0.20597251219753773,1.317876801097812,0.11385191954720343,1.0619004771782807
53,Washington,Total,Total,2007,0.22121630702605838,0.18340695559775022,1.2582921063739974,0.09475757940327238,1.0380811114173032
53,Washington,Total,Total,2008,0.1910085005376235,0.1434725476747161,1.3637506642576258,0.0851148625784863,0.9694272043582147
53,Washington,Total,Total,2009,0.17927183185295928,0.1222960704775726,1.5503153761197694,0.06902000046931098,0.9047656524159603
53,Washington,Total,Total,2010,0.17982735893183655,0.12543694561482344,1.5518785511363635,0.06503884572697004,0.9050890796531667
53,Washington,Total,Total,2011,0.17492393717621907,0.12464427893892546,1.6030772844726333,0.06939880612843359,0.8849018292422928
53,Washington,Total,Total,2012,0.1751356993736952,0.12163157102637095,1.5554277532514018,0.06610331198037345,0.8978869646731727
53,Washington,Total,Total,2013,0.17822793081619734,0.1253305399135696,1.7636655579768323,0.06747804285906966,0.8448145059667934
53,Washington,Total,Total,2014,0.18636436726161762,0.13143094878488032,1.7951134154244976,0.06951319648093841,0.8458191223247064
53,Washington,Total,Total,2015,0.18124396225013004,0.13618742494231648,1.842162800246356,0.07356249472140537,0.8258739016097355
53,Washington,Total,Total,2016,0.17464832171067285,0.13973022593855242,1.8901416207710464,0.07383243830326434,0.8038157687718852
53,Washington,Total,Total,2017,0.1718350614902339,0.14399136132657953,,0.0756566227430917,
53,Washington,Total,Total,2018,0.1681056962392073,0.1542291605555599,,0.08112850281102184,
53,Washington,Total,Total,2019,0.15409357553773345,0.14281224962714512,,,
53,Washington,Total,Total,2020,0.13912293504942613,,,,
54,West Virginia,Total,Total,2005,,,,,
54,West Virginia,Total,Total,2006,,,,,
54,West Virginia,Total,Total,2007,,,,,
54,West Virginia,Total,Total,2008,,,,,
54,West Virginia,Total,Total,2009,,,,,
54,West Virginia,Total,Total,2010,,,,,
54,West Virginia,Total,Total,2011,,,,,
54,West Virginia,Total,Total,2012,,,,,
54,West Virginia,Total,Total,2013,,,,,
54,West Virginia,Total,Total,2014,,,,,
54,West Virginia,Total,Total,2015,,,,,
54,West Virginia,Total,Total,2016,,,,,
54,West Virginia,Total,Total,2017,0.10407371483996121,0.05905325469839362,,,
54,West Virginia,Total,Total,2018,0.10184521676818345,0.06301644246964598,,0.04466769064718336,
54,West Virginia,Total,Total,2019,0.10286984640258691,0.0568033760623431,,,
54,West Virginia,Total,Total,2020,0.09694113298216431,,,,
55,Wisconsin,Total,Total,2005,0.2103764631445745,0.14388317983991103,1.2265585878818228,,1.0313448134295269
55,Wisconsin,Total,Total,2006,0.1808421273691395,0.12351068683882384,1.3426266144246117,0.07606551096638253,0.9606309672479333
55,Wisconsin,Total,Total,2007,0.15603475680830772,0.10497658523109553,1.3436986766202916,0.06300467590325586,0.9247903550277722
55,Wisconsin,Total,Total,2008,0.13229593081573454,0.08650954547742987,1.3557148709545268,0.05458771141752275,0.8866147184724237
55,Wisconsin,Total,Total,2009,0.12565326062258578,0.07803482074569115,1.6280438220013553,0.0462299283225884,0.8110858301326764
55,Wisconsin,Total,Total,2010,0.11778598186655084,0.07625022515695087,1.6225754434462105,0.0454402115863893,0.8011991816183874
55,Wisconsin,Total,Total,2011,0.11847924621597121,0.07559653430291337,1.6368636995827537,0.0451406781407812,0.7986700848864675
55,Wisconsin,Total,Total,2012,0.11778799812728925,0.07477325016258854,1.6880229293401967,0.04368305254568179,0.7849372632078944
55,Wisconsin,Total,Total,2013,0.12263595864503657,0.07629750203686614,1.7600182898948329,0.04457711028830553,0.7732989756479058
55,Wisconsin,Total,Total,2014,0.12422865477392572,0.07700566371527551,1.8602690481573596,0.04588357588357588,0.7489490186975709
55,Wisconsin,Total,Total,2015,0.11940617323507423,0.07762622072092401,1.876885356023287,0.04627273291539942,0.7381270310608699
55,Wisconsin,Total,Total,2016,0.1180012676949081,0.07739975622887876,1.9821689446560609,0.04564056393362117,0.7075045679628461
55,Wisconsin,Total,Total,2017,0.11330384484518544,0.08051554820518719,,0.0461017297130832,
55,Wisconsin,Total,Total,2018,0.10764203228156947,0.0839445356498237,,0.0487632218813801,
55,Wisconsin,Total,Total,2019,0.10746720484359233,0.08048180537555256,,,
55,Wisconsin,Total,Total,2020,0.09756190403684742,,,,
56,Wyoming,Total,Total,2005,,,,,
56,Wyoming,Total,Total,2006,,,,,
56,Wyoming,Total,Total,2007,,,,,
56,Wyoming,Total,Total,2008,,,,,
56,Wyoming,Total,Total,2009,,,,,
56,Wyoming,Total,Total,2010,,,,,
56,Wyoming,Total,Total,2011,,,,,
56,Wyoming,Total,Total,2012,,,,,
56,Wyoming,Total,Total,2013,,,,,
56,Wyoming,Total,Total,2014,,,,,
56,Wyoming,Total,Total,2015,,,,,
56,Wyoming,Total,Total,2016,,,,,
56,Wyoming,Total,Total,2017,0.08074214052568288,0.24355234043435228,,,
56,Wyoming,Total,Total,2018,0.08199471329808865,0.27925851928926715,,0.09097244219195438,
56,Wyoming,Total,Total,2019,0.08594249201277955,0.27887255316979953,,,
56,Wyoming,Total,Total,2020,0.07969906163449217,,,,
00,United States,Total,Total,2005,0.20653889029935604,0.1753573240060197,1.4345138634231829,,0.971871248110296
00,United States,Total,Total,2006,0.17528492898879713,0.15480733837068764,1.5179553337519216,0.09792132651663851,0.907955923532758
00,United States,Total,Total,2007,0.15470538324600586,0.13637166085517827,1.5042631112539377,0.08354597883731797,0.8831486783854026
00,United States,Total,Total,2008,0.1348525441551351,0.1119259301580486,1.5732366274065086,0.0756750817817726,0.8378240180153805
00,United States,Total,Total,2009,0.13106478151892526,0.10384079677746105,1.7271486889621606,0.06457322601237826,0.7933329574126482
00,United States,Total,Total,2010,0.1297106162835447,0.10482324248182473,1.7484108812974615,0.06357365279863164,0.7859466869987871
00,United States,Total,Total,2011,0.1271524439024769,0.1050899618411244,1.7651520912547527,0.06527210100847974,0.7781023180860394
00,United States,Total,Total,2012,0.12703823176625403,0.10428128847313645,1.750221761981388,0.06415454990690601,0.7818463485761671
00,United States,Total,Total,2013,0.12824700813786502,0.10597837365214685,1.876765670254389,0.06510527543181295,0.7497317105770114
00,United States,Total,Total,2014,0.12662686255957584,0.10608134800503051,1.943556734960121,0.06588698301437511,0.7292308722347224
00,United States,Total,Total,2015,0.12319877222107672,0.1084559774250337,1.9840982110732122,0.06689793171638017,0.7135361753294436
00,United States,Total,Total,2016,0.11634554885131647,0.10718820671412954,2.0097119773677914,0.06633272791367789,0.6976995217076991
00,United States,Total,Total,2017,0.11403353734013982,0.1119708283389188,,0.06651479119820415,
00,United States,Total,Total,2018,0.11088791702753581,0.11855396940943878,,0.07014862145188538,
00,United States,Total,Total,2019,0.106920606400642,0.11414195236933733,,,
00,United States,Total,Total,2020,0.09421295673801264,,,,
